11527565,KMG 등산학교,서울특별시 종로구 종로5가 225-20
11580022,성남스파이더클라이밍,경기도 성남시 중원구 하대원동 101-28 남영빌딩 4층
11605795,클라이밍클럽더탑,서울특별시 송파구 송파동 50-9 인영빌딩
11633101,청주 타기클라이밍센터,"충청북도 청주시 상당구 방서동 206-1 3층, B1"
11669522,성남스포츠클라이밍,경기도 성남시 중원구 성남동 4256 수성빌딩
11688241,크럭스존,"경기도 수원시 팔달구 인계동 974-9 중앙빌딩, 3층"
11785115,대구 파워클라이밍 센터,대구광역시 수성구 수성동4가 1021-5 3층 대구파워클라이밍센터
11816737,강남스포츠클라이밍센터,서울특별시 강남구 대치동 78-24
11853161,인천실내암장,인천광역시 연수구 선학동 357-1 송암빌딩 5층
12061693,태능클라이밍센터,서울특별시 노원구 공릉동 598-8
12363464,손정준 스포츠 클라이밍 연구소,서울특별시 성동구 옥수동 348-2 서화빌딩 지층
13428641,클라이밍센터,부산광역시 사하구 당리동 317-16
13495026,강동클라이밍짐,서울특별시 강동구 둔촌동 63-2 알레소 빌딩 지하
15077891,김대우암벽교실,경상북도 포항시 북구 양덕동 1247
15615696,거창클라이밍실내암장,경상남도 거창군 거창읍 정장리 918-1
17994704,홍종열클라이밍짐 평택비전점,"경기도 평택시 비전동 1095 로얄프라자 403호, 404호, 405호"
19997823,노량진클라이밍센터,서울특별시 동작구 노량진동 240-5
19998774,서울스포츠클라이밍센터,서울특별시 동대문구 용두동 119-42
20355148,부산클라이밍센터,부산광역시 연제구 연산4동 622-5
20369758,스파이더스클라이밍스포츠센터,서울특별시 노원구 공릉동 633-18 제일빌딩 지하1층
20557694,익스트림클라이밍센터,광주광역시 북구 두암동 568-2 5층
21066768,락오디세이 클라이밍 동의대점,부산광역시 부산진구 가야동 60-26
21142356,아람클라이밍,경기도 안양시 만안구 안양동 674-193
21232776,마루클라이밍센터,충청북도 청주시 서원구 개신동 621 지하1층
21656375,패밀리클라이밍센터,부산광역시 동래구 사직동 71-24 성광메모리얼 빌딩 지하
21829439,챌린져클라이밍센터,대구광역시 수성구 매호동 1344-6
30976114,서인천 클라이밍,인천광역시 서구 가정동 505-24 4층
31037131,파주클라이밍센터,경기도 파주시 금촌동 52-36 대도빌딩 3층
31336478,일산클라이밍센터,경기도 고양시 일산동구 백석동 1351 청구코어상가 230호
31469666,두클라이밍짐,부산광역시 남구 대연동 60-13 황금빌딩 2층
31705199,조규복클라이밍센터 강변점,서울특별시 광진구 구의동 593-15 1층 104호
32565777,아이언팜스 클라이밍 센타,경기도 용인시 처인구 남사읍 통삼리 774-11 실내암벽장 아이언팜스
32672697,군산클라이밍센터,전북특별자치도 군산시 소룡동 1071-3
32960259,락토피아클라이밍짐,대구광역시 달서구 상인동 1554-2
33253255,코알라클라이밍 상암,서울특별시 마포구 상암동 1605 누리꿈스퀘어 디지털파빌리온 B1040호
33283991,안산베이스캠프클라이밍,경기도 안산시 단원구 고잔동 768-5
33561804,광장클라이밍센터,대구광역시 서구 내당4동 465-4 B1
33675024,B Climbing,경기도 성남시 분당구 정자동 38-5 B1
33811451,락클라이밍,대구광역시 북구 노원동2가 369-1 2층
33880353,락스타클라이밍,서울특별시 송파구 송파동 48-7 예스빌딩 B1
33928302,대구 손세동 클라이밍 칠곡,대구광역시 북구 동천동 907-7 세신빌딩 3층
34139548,클라이밍짐리드 충대점,대전광역시 유성구 궁동 490-11
34269837,인클라이밍센터,서울특별시 관악구 봉천동 1690-152 지층
34284076,대전클라이밍센터,대전광역시 서구 괴정동 128-9 지하1층
34490962,G1클라이밍센터,광주광역시 광산구 우산동 1591-7 지하1층
34786896,이천굿클라이밍,경기도 이천시 중리동 213 라온팰리스
35092322,홍종열클라이밍짐 천안점,충청남도 천안시 서북구 두정동 1523 백연빌딩 401호
35178853,인동 포시즌클라이밍짐,경상북도 구미시 황상동 319 CH상가
35201758,락클라이밍센터,광주광역시 북구 일곡동 830-4 상지빌딩 7층
35251789,다사클라이밍,대구광역시 달성군 다사읍 매곡리 1547-19
35252003,손상원 클라이밍짐 판교점,경기도 성남시 분당구 삼평동 682
35483175,락클라이밍센터,부산광역시 북구 덕천동 337-1
35557051,포항 스파이더 클라이밍,경상북도 포항시 남구 오천읍 원리 1387 포항 스파이더 클라이밍
35563031,일산 해피볼더 클라이밍,경기도 고양시 일산서구 대화동 2141-3
35586651,클라임이모션,서울특별시 강남구 역삼동 728-41
35609294,부산클라이밍센터,부산광역시 해운대구 좌동 395-3
35629522,안산클라이밍,경기도 안산시 단원구 고잔동 682-6 신우빌딩 B1
35782191,첨단빛고을클라이밍,광주광역시 광산구 쌍암동 669-1 지하1층
35807313,그래비티 클라이밍 영통구청점,경기도 수원시 영통구 매탄동 1276 탑프라자 7층
35853826,여수클라이밍짐,전라남도 여수시 신기동 116-11
35886422,펀앤펀클라이밍센터,대구광역시 동구 신서동 526-1
35958843,스톤클라이밍센터,경상북도 경산시 중방동 211-8
36001740,청주오르다클라이밍센터,충청북도 청주시 흥덕구 복대동 40-10 인승빌딩 10층
36160989,거인클라이밍,전북특별자치도 익산시 영등동 714-1
36276865,크럭스클라이밍,경상남도 창원시 마산합포구 해운동 5-108 모노타운 5층
36406933,핸즈 클라이밍 짐,대구광역시 남구 봉덕동 613-5 3층
36413908,테크노클라이밍짐,대전광역시 유성구 관평동 748 2층
36416921,군산스포츠클라이밍센터,전북특별자치도 군산시 수송동 827-7 2층 군산스포츠클라이밍센터
36416952,타이거볼더클라이밍짐,경기도 부천시 원미구 중동 1127-6
36465789,클라이밍짐리드 유성점,대전광역시 유성구 봉명동 548-12 이화빌딩 2층
36470379,수원클라이밍센터,경기도 수원시 팔달구 우만동 483-5
36480832,골든클라이밍짐,경상북도 포항시 남구 대잠동 997-9 3층
36543694,고릴라클라이밍,충청남도 서산시 석림동 773-1
36624675,안산락클라이밍,경기도 안산시 상록구 본오동 874-12 신영빌딩 4층
36631046,트윈클라이밍짐,경기도 평택시 합정동 746-9 3층 트윈클라이밍짐
36669283,CC클라이밍센터,경상북도 구미시 도량동 228-2
36721215,점프클라이밍짐,대구광역시 달서구 본동 225-8 그린코아상가 2층
36760078,일산SK클라이밍,경기도 고양시 일산동구 마두동 903-2 지하1층
36782643,인천베스트클라이밍센타,인천광역시 부평구 갈산동 170-8
36793238,락트리 클라이밍 센터,충청남도 아산시 배방읍 장재리 1792 5층
36800715,강서클라이밍센터,서울특별시 강서구 내발산동 646 동서빌딩 4층
36864834,퍼스트 클라이밍 짐,"경상남도 김해시 삼계동 1509-11 301, 401호"
36900673,서산클라이밍,충청남도 서산시 동문동 221-2 광락빌딩 2층 서산클라이밍
36913065,인천계양클라이밍센터,인천광역시 계양구 계산동 18-17
36925121,클라임맥스 클라이밍,충청남도 천안시 동남구 신방동 768-35 다동 1층 1001호 클라임맥스
36939626,SUMMIT클라이밍센터,서울특별시 마포구 노고산동 4-22 1층
36943391,더클라이밍짐,서울특별시 서초구 서초동 1559-3 아주빌딩 지하1층
36952679,M클라이밍 남대구점,대구광역시 달서구 월성동 1798-5
37017836,디스커버리클라이밍 클라임스퀘어 ICN,인천광역시 서구 마전동 999-4
37033388,9클라이밍짐,울산광역시 중구 우정동 252-7 3층
37093244,킹콩클라이밍,경기도 수원시 팔달구 인계동 942 3층 킹콩클라이밍
37126660,강릉클라이밍,강원특별자치도 강릉시 교동 1889-5
37202664,애스트로맨클라이밍센터,경기도 파주시 동패동 1758 1002호 애스트로맨 클라이밍센터
37236351,SO클라이밍짐,부산광역시 북구 화명동 2271-2 새론타워 2층 201호
37243971,클럽스파이더클라이밍,부산광역시 중구 영주동 565-2
37296734,월드클라이밍,경기도 부천시 원미구 상동 541-1
37297223,써니사이드실내암벽,서울특별시 은평구 응암동 96-28
37309253,수지클라이밍,경기도 용인시 수지구 죽전동 1003-43 아르피아스포츠센터 B2F
37344975,버티고클라이밍짐,서울특별시 광진구 중곡동 131-5 지하1층
37351333,볼더 클라이밍 짐,서울특별시 노원구 상계동 1110
37408173,락오디세이 클라이밍 동래점,부산광역시 동래구 낙민동 91-3
37450215,실내암벽 Climbholic,경기도 안양시 동안구 관양동 1489-9
37471592,바위 클라이밍 센터,"광주광역시 동구 대의동 10-1 광주아트센터 지하 1,2층"
37683979,타잔101 클라이밍 압구정점,서울특별시 강남구 신사동 581-10
37690834,안동클라이밍짐,경상북도 안동시 옥동 616-6 3층
37749592,클라이븐,광주광역시 동구 황금동 74 (황금동)
37766140,실내암벽클라이밍,충청남도 논산시 내동 1044
37779022,더클라임 클라이밍 짐앤샵 일산점,경기도 고양시 일산동구 마두동 805-1 5층 더클라임
37853567,구로남 클라이밍센터,서울특별시 구로구 구로3동 253
37890356,조규복클라이밍센터,경기도 남양주시 금곡동 567-1
37944308,톺아클라이밍,충청북도 제천시 명동 209-5
38322574,에잇 픽스 클라이밍,경기도 의왕시 내손동 755-1 오남프라자 6층
38414963,예티 클라이밍 짐,경상남도 진주시 충무공동 8
38426169,청송클라이밍아카데미,경상북도 청송군 주왕산면 내룡리 112-1
38426172,홍성클라이밍센터,충청남도 홍성군 홍북읍 봉신리 290-13 2층
38463974,콩이점이클라이밍짐,경상남도 통영시 미수동 477-3
38511385,안산 선부 클라이밍,경기도 안산시 단원구 선부동 1077-6 대준빌딩 5층
38549899,핫클라이밍,경상남도 창원시 의창구 사림동 57-3
38563147,청주클라이밍아카데미,충청북도 청주시 상당구 방서동 206-1
38591336,홀드홀세일,서울특별시 영등포구 양평동3가 48
38591347,코드홀드,서울특별시 영등포구 양평동3가 46
38705243,사당클라이밍,서울특별시 서초구 방배동 467-19
40430629,더클라임 B 홍대점,서울특별시 마포구 서교동 353-5 경남관광빌딩
42928074,더클라임 클라이밍 짐앤샵 마곡점,서울특별시 강서구 마곡동 796-3 마곡사이언스타워 7층
45829941,킹콩클라이밍 대구 성서,대구광역시 달서구 호산동 353-6 대백마트 4층
46236410,청주락클라이밍센터,충청북도 청주시 청원구 율량동 2044 3층
77150444,정글짐클라이밍센터,경기도 파주시 목동동 939-2 월드타워8층
81775445,화성클라이밍클럽,경기도 화성시 기안동 467-12 2층 207호 화성클라이밍클럽
87135742,클라임투더문,서울특별시 송파구 삼전동 49-1 창대빌딩 지하1층
130796730,클라이밍줌,인천광역시 연수구 청학동 502-2 7층
137769604,DoDream클라이밍센터,경기도 동두천시 생연동 628-2
180635295,점프클라이밍짐,대구광역시 달서구 장기동 562-1
211316583,구미클라이밍센터,경상북도 구미시 형곡동 145-2
268191985,교하스포츠클라이밍짐,경기도 파주시 문발동 602-7
319142992,루트클라이밍,서울특별시 송파구 방이동 204-5
355927800,오르락클라이밍짐,충청북도 충주시 호암동 989 5층
404900145,오산클라이밍,경기도 오산시 궐동 72-3
427957402,산타클라이밍,서울특별시 동대문구 신설동 103-15 지하1층
434607453,클라이밍하이,대구광역시 달서구 도원동 1431 동신빌딩 7층
448809028,경기레포츠클라이밍,경기도 용인시 기흥구 영덕동 1005 흥덕IT밸리 컴플렉스동 지하1층 P183호
474491325,빛가람 클라이밍짐,전라남도 나주시 빛가람동 196-4
500935574,부산문현클라이밍센터,부산광역시 남구 문현동 442-24
508613263,행클라임 클라이밍짐 구파발점,서울특별시 은평구 진관동 100-2 은평뉴타운 신한헤센스마트 M204호
513989217,도봉파워클라이밍센터,서울특별시 도봉구 쌍문동 21-15
568963041,정지현클라이밍짐,서울특별시 관악구 봉천동 870-2 은일빌딩 7층 정지현클라이밍짐
597479953,락페이스클라이밍,경기도 성남시 중원구 중앙동 208 범원빌딩 8층
725014673,몬스터클라이밍,대구광역시 달성군 유가읍 봉리 608-1 7층
854710520,클라이밍88,서울특별시 강서구 화곡동 1093-76 제2체육관 1층
862018532,경기레포츠클럽,경기도 용인시 기흥구 영덕동 1005
914763940,마그마홀드,"경기도 화성시 향남읍 증거리 311-8 1, 2층"
954129400,부천클라이밍센터,경기도 부천시 원미구 상동 326-15 지하1층
985209367,시흥스포츠클라이밍센터,경기도 시흥시 대야동 332-1
1004993421,서울숲클라이밍 종로점,서울특별시 종로구 관수동 20 지하1층
1007149389,시흥캐치클라이밍짐,경기도 시흥시 장곡동 250-2 메디프라자 701호
1010970569,몽키즈클라이밍 시흥배곧점,경기도 시흥시 배곧동 204 서영베니스스퀘어 C동 5층 528 호
1013096161,서울숲클라이밍 영등포점,서울특별시 영등포구 문래동3가 55-16 B동 1층
1015007500,핸드워크 클라이밍 전대점,광주광역시 북구 용봉동 152-6 지하1층
1017266338,와클라이밍,충청남도 천안시 동남구 목천읍 천정리 108-17 와클라이밍
1017831035,남구국제스포츠클라이밍장,대구광역시 남구 봉덕동 산132-7
1018385258,잼클라이밍,경기도 김포시 장기동 2039-2 프레즌스빌딩 3층 301호
1025274201,페퍼클라이밍,경기도 고양시 덕양구 원흥동 632-1 19층 1901호
1027543168,더클라임 논현점,서울특별시 서초구 반포동 723-1 지하1층
1032645280,전북특별자치도 인공암벽장,전북특별자치도 부안군 변산면 대항리 614
1034034554,몽키즈클라이밍 양주옥정점,경기도 양주시 옥정동 963-4 스카이타워 903호
1041503195,힐앤토클라이밍,경기도 평택시 팽성읍 남산리 98-68 진영빌딩2층 힐앤토클라이밍
1042074820,원클라임,전라남도 순천시 해룡면 월전리 518-11
1043151083,클라이밍 트리클,경기도 안산시 단원구 고잔동 527-8
1044416362,신촌담장,서울특별시 서대문구 대현동 101-7 5층
1047749762,레드원클라이밍,광주광역시 남구 봉선동 156 가로수빌딩 3층
1051152515,클라이밍파크 성수점,서울특별시 성동구 성수동2가 273-34 매니아빌딩
1063241142,몽키즈클라이밍 목동점,"서울특별시 양천구 신정동 323-10 6층 601호, 602호"
1064813681,비블럭클라이밍 영종하늘도시점,인천광역시 중구 중산동 1884-7 6층 601-604호
1070633281,설우클라이밍센터,경상북도 경주시 황성동 277-4 4층
1073602274,고창클라이밍스쿨,전북특별자치도 고창군 아산면 삼인리 164
1084761503,펀클라임짐 클라이밍,경기도 안양시 동안구 관양동 1019-5 지하1층 101호
1096153861,서울볼더스 컴퍼니,서울특별시 양천구 신정동 88-5 2층
1102015375,인케이브 상무,광주광역시 서구 치평동 1251-1 6층
1102583115,락랜드 클라이밍,서울특별시 강북구 수유동 740 2F 락랜드클라이밍
1108004309,아띠클라이밍,경상북도 포항시 북구 우현동 산9 테라스31 지하1층 아띠클라이밍
1111085488,웨이브락 클라이밍 광안리점,부산광역시 수영구 광안동 569-19
1130955218,클라임바운스 이천점,경기도 이천시 부발읍 아미리 678 다온빌딩 지하1층
1135237333,고성클라이밍 실내암벽장,강원특별자치도 고성군 거진읍 거진리 236-2
1135505300,뉴비클라이밍 수성점,대구광역시 수성구 상동 27-5 1층
1136103431,스튜디오볼더,서울특별시 구로구 구로동 191-7 지하1층 B101호 스튜디오볼더 클라이밍짐
1139803844,클라임 어스 장한평점,서울특별시 동대문구 장안동 457-2 호종빌딩 2층
1141144704,드림캐처클라이밍짐,서울특별시 노원구 상계동 357-2 7층
1141695867,초크업클라이밍 경대점,대구광역시 북구 복현동 479-3
1143702340,올라클라이밍센터,경상북도 경산시 하양읍 금락리 116-329 3층 올라클라이밍센터
1146108539,코아 실내암벽 클라이밍,경상남도 김해시 부곡동 1161-10
1150280329,아스포즈,"경기도 하남시 풍산동 490-1 에코큐브지식산업센터 205, 206호"
1154742430,더볼더 클라이밍,"경기도 성남시 분당구 구미동 29-1 5층 501호(구미동, 더 프라자)"
1155931835,닷 클라이밍짐,서울특별시 송파구 문정동 651-5 청림타워 2층
1156712614,서울숲클라이밍 구로점,서울특별시 구로구 구로동 188-25 지하1층
1158406115,전주올라클라이밍센터,전북특별자치도 전주시 덕진구 송천동1가 482-1
1162773646,포시즌클라이밍 산동,경상북도 구미시 산동읍 신당리 1458 바젤파크시티 5층 포시즌클라이밍
1168244338,클라임패밀리,광주광역시 광산구 수완동 669-1 D동 B층 102호(지하1층)
1169859106,손상원 클라이밍짐 강남역점,서울특별시 서초구 서초동 1337-32 지하1층
1171982338,라온클라이밍짐,울산광역시 남구 신정동 685-4 연세메디컬 12층 라온클라이밍짐
1175946974,포항클라이밍아카데미,경상북도 포항시 남구 해도동 34-31 모든공구자재백화점 3층
1180933691,디스커버리클라이밍 클라임스퀘어 청라점,인천광역시 서구 청라동 162-10 진영메디피아 1002호
1192440416,썬 클라이밍 짐,서울특별시 구로구 구로동 486-50 3층
1193861860,더클라임 클라이밍 짐앤샵 강남점,서울특별시 강남구 역삼동 823-14 화인강남빌딩 B1층
1201692729,마운틴그라운드 클라이밍,경기도 화성시 송동 725-4 그랑파사쥬 5층 5005호
1205385067,엠투클라이밍,경기도 남양주시 다산동 6053-2 푸리마타워 8층
1206760512,무중력 클라이밍,서울특별시 강남구 역삼동 606-33 지하1층
1207258204,몽키즈클라이밍 홈플러스 영등포점,서울특별시 영등포구 문래동3가 55-3 지하2층 몽키즈클라이밍
1207705062,뀨클라임,"경기도 수원시 영통구 영통동 1010-3 7층, 뀨클라임"
1208495675,몽키즈클라이밍 중계점,서울특별시 노원구 중계동 450-1 지하1층
1208500730,YDP오름실내암벽장,서울특별시 영등포구 신길동 116-17 라온아토 2층
1209582464,서울숲클라이밍 잠실점,서울특별시 송파구 잠실동 183-4 지하1층
1211797900,저스트클라이밍센타,"경기도 시흥시 대야동 568-2 상록A&C빌딩 803호, 804호"
1214341526,클라이밍,경기도 성남시 중원구 성남동 3110
1216900811,에어즈락 클라이밍 위례점,서울특별시 송파구 장지동 881 아이온스퀘어 12층
1219016266,충주락클라이밍,충청북도 충주시 용산동 229
1238586464,챌린져클라이밍 칠곡점,대구광역시 북구 동천동 912-2 K&C아워스빌딩 4층
1240493660,더 패스 클라이밍,제주특별자치도 제주시 삼도일동 584-3 3층 더패스클라이밍짐
1240574656,클라임파크,경상남도 양산시 상북면 소토리 479-9
1243911061,돌멩이클라이밍,부산광역시 부산진구 전포동 362-62 한웅인터빌 2층 돌멩이클라이밍
1251340600,몽키즈클라이밍 안양평촌점,경기도 안양시 동안구 평촌동 922-10 5층 501호
1253428172,한스클라이밍아카데미,경기도 고양시 덕양구 토당동 282-12 진우프라자 2층
1254226392,프리월클라이밍짐 평택지제점,경기도 평택시 세교동 586-3 3층
1258291524,허브클라이밍,"인천광역시 남동구 논현동 632-2 아이플렉스빌딩 10층 1001,1006 허브클라이밍"
1261660455,그립픽클라이밍짐,"경기도 성남시 수정구 창곡동 505 지하1층 119~122,127~130호"
1263630638,클라이밍 업더월 일산,경기도 고양시 일산서구 덕이동 219-33 지하1층 클라이밍 업더월
1270126776,노루클라이밍,경상북도 경산시 대동 156-1 1층
1278225797,웨이브락 클라이밍 서면점,부산광역시 부산진구 부전동 117-1 혜도인파크에비뉴 오피스텔 상가 3층
1291133689,만날공원 인공암벽장,경상남도 창원시 마산합포구 월영동 산175-5 만날공원 인공암벽장
1292373397,몽키즈클라이밍 신내점,서울특별시 중랑구 신내동 654 신내7단지 진로아파트상가 지하1층
1302039810,빅클라이밍,경상남도 진주시 정촌면 예하리 1272-2 빅클라이밍
1307436615,레드포인트 클라이밍센터,경상북도 영주시 가흥동 1809 버거킹 3층
1312488902,몽키즈클라이밍 김포운양점,경기도 김포시 운양동 1299-5 2층 201호 몽키즈클라이밍
1315618745,대구클라이밍센터,대구광역시 달서구 월성동 1865 4층 401호 대구클라이밍센터
1316572389,칠곡클라이밍센터,대구광역시 북구 태전동 961-13 지하1층
1320755118,BK클라이밍,전북특별자치도 전주시 완산구 효자동1가 108 익선빌딩4층
1335087502,디스커버리클라이밍 클라임스퀘어 송도점,인천광역시 연수구 송도동 176-5 트리플스트리트 D동 211a~c호
1335578405,써니사이드 클라이밍,서울특별시 은평구 응암동 96-18
1336616488,온더락클라이밍,전북특별자치도 군산시 경암동 683-2
1339478910,넝쿨클라이밍센터,충청북도 충주시 연수동 1148
1342684445,에어즈락 클라이밍 범계점,경기도 안양시 동안구 비산동 1107 201호
1348640418,속초클라이밍짐,강원특별자치도 속초시 청학동 645-6 3층
1358927731,다오름클라이밍,충청북도 청주시 청원구 율량동 1873 은곡빌딩 3층
1358959911,서울볼더스 선유,서울특별시 영등포구 양평동6가 13-1 3층
1365222331,서종국클라이밍,서울특별시 영등포구 양평동4가 277-1
1366861942,클라이밍파크 종로점,서울특별시 종로구 종로4가 5 한일빌딩 지하2층
1374143463,볼더라운지플립 대구점,대구광역시 서구 비산동 156-23
1376544622,짱클라이밍,부산광역시 사하구 다대동 63-16
1389147246,볼더팝 클라이밍,경기도 군포시 당정동 317-1 1층
1389472558,볼리 클라이밍,인천광역시 남동구 서창동 704-1
1390562334,볼더프렌즈 클라이밍,서울특별시 마포구 서교동 356-1 서교빌딩 지하3층
1396242193,몽키즈클라이밍 파주운정점,경기도 파주시 와동동 1301-3 701호
1398075990,목포클라이밍클럽,전라남도 목포시 대안동 4-9
1402070365,비블럭 클라이밍 송도점,인천광역시 연수구 송도동 173-3 107호 비블럭클라이밍
1404431527,더클라임 신사점,서울특별시 강남구 신사동 505-7 지하2층
1406186254,에이짐클라이밍,강원특별자치도 속초시 교동 800-14
1415029947,클라이밍 하이프렉스,경기도 고양시 일산서구 덕이동 219-8 1E B1 클라이밍 하이프렉스
1421464272,북한산 국제클라이밍센터,서울특별시 강북구 우이동 185-9 북한산 국제클라이밍센터
1421471740,CL 클라이밍,경기도 화성시 청계동 564 그란비아스타 6층 중앙 6123호
1424372466,일번가클라이밍센터,충청북도 청주시 서원구 사직동 583-10 3층
1426636395,목포리드클라이밍,전라남도 목포시 상동 882-2 (미르치과 건너편)
1442096693,광교스포츠클라이밍장,경기도 수원시 영통구 하동 1023
1442106588,훅클라이밍 성수점,서울특별시 성동구 성수동2가 289-211
1446556977,사천 실내클라이밍,경상남도 사천시 사천읍 정의리 7
1448720091,클라임 어스 미사점,경기도 하남시 망월동 1116 13층
1452498647,클라이밍 더 하기,경기도 안성시 가사동 18-3
1453969095,웨어하우스 볼더링,서울특별시 동대문구 제기동 682-22
1455343519,클라임라운지,광주광역시 서구 화정동 965 304호 클라임라운지
1459775214,브릭스클라이밍짐,서울특별시 송파구 가락동 112-2 지하1층
1464008723,다이노캣 클라이밍 짐,대구광역시 동구 율하동 1114 삼성디지털프라자 5층
1469074780,프리월 클라이밍짐,"경기도 화성시 능동 1066-5 포레스트프라자 7층 701,702호"
1473487224,죠스클라이밍,부산광역시 동래구 사직동 92-8 7층 죠스클라이밍
1479195993,크래커클라이밍,서울특별시 중랑구 상봉동 102 지하1층
1479792597,바위이야기클라이밍짐,전북특별자치도 익산시 모현동1가 1-20
1483057450,에이스클라이밍센터,서울특별시 구로구 구로동 106-8 B1
1489274184,홍대클라이밍센터,서울특별시 마포구 성산동 630-10
1490442194,몽키즈클라이밍 답십리점,서울특별시 동대문구 답십리동 1012 1층 126호
1495320911,볼더메이트 클라이밍 기흥점,경기도 용인시 기흥구 구갈동 681 기흥ICT밸리 B동 지하2층 B225호
1498614740,벽 클라이밍,대구광역시 북구 침산동 13-91
1499380146,서울숲클라이밍 뚝섬점,서울특별시 성동구 성수동1가 656-54 유한타워 B2층
1503413539,더플라스틱 클라이밍 문래점,서울특별시 영등포구 문래동2가 11-1
1509926970,비숍 클라이밍,서울특별시 노원구 상계동 730-5 지하1층
1514054995,더클라임 클라이밍 짐앤샵 서울대점,서울특별시 관악구 봉천동 874-4 지하1층
1515904783,동성로클라이밍짐,대구광역시 중구 동성로3가 105 4층
1515948711,몽키즈클라이밍 수원호매실점,"경기도 수원시 권선구 금곡동 1118-6 8층 803, 804호"
1521393917,경동유재원클라이밍센터,서울특별시 성북구 삼선동3가 43-1 동인관 1층
1521845713,볼더그라운드 클라이밍,서울특별시 마포구 서교동 395-15 B1층
1523006192,청주국제스포츠클라이밍센터,충청북도 청주시 청원구 내수읍 내수리 108-2
1529658830,마운틴스타 클라이밍짐,경기도 구리시 수택동 847-9 타워클래스 6층
1532763263,을지로 담장,서울특별시 중구 인현동2가 96-2
1538662914,플래시볼더스,서울특별시 중구 필동3가 28-19 지하1층
1540576376,스톤즈클라이밍,서울특별시 관악구 봉천동 1653-1 닷컴힐즈 B201호
1542945259,더클라임 클라이밍 짐앤샵 사당점,서울특별시 관악구 남현동 1061-18 지층 B201호
1551367913,노루클라이밍 진천,대구광역시 달서구 대천동 483-3 노루클라이밍
1555935053,서수원클라이밍센터,경기도 수원시 장안구 천천동 557-4 율천프라자 4층 401호
1559433139,클럽클라이밍,경기도 안산시 단원구 고잔동 533-3 6층 클럽클라이밍
1562430334,몽키클라이밍 센터,경기도 이천시 창전동 445-17 몽키클라이밍 센터
1562807728,포고클라임,부산광역시 사상구 모라동 728-29 2층
1567361483,픽 클라이밍,경기도 김포시 구래동 6880-2 404호
1581527334,어웨이크클라이밍 타임월드점,대전광역시 서구 둔산동 1081 향촌월드프라자 10층
1582370143,볼더메이트 클라이밍 수지점,경기도 용인시 수지구 풍덕천동 1080-20 6층 601호 볼더메이트 클라이밍 수지점
1585684896,웨이브락 클라이밍 남천점,부산광역시 수영구 남천동 323 3층 웨이브락남천점
1588916464,몽키즈클라이밍 동탄반송점,경기도 화성시 반송동 107-2 2층 205호
1590565356,더클라임 문래점,서울특별시 영등포구 당산동2가 1 1동건물전체
1592791130,핸드워크 클라이밍 양산점,광주광역시 북구 용두동 305-44 2층
1596287774,챌린져클라이밍 영대점,경상북도 경산시 압량읍 신대리 434 ST타워 6층
1599962061,어센트클라이밍 전북대,전북특별자치도 전주시 덕진구 덕진동1가 664-6 2층
1606811952,더플라스틱클라이밍 염창점,서울특별시 강서구 염창동 262-1 1층 더플라스틱클라이밍 염창점
1611587224,어센트클라이밍 만성,전북특별자치도 전주시 덕진구 만성동 1263-4 청옥빌딩 6층
1614226111,훅클라이밍 왕십리점,서울특별시 성동구 행당동 140
1630019859,노보클라이밍,경상북도 구미시 인의동 701-7 2층 노보클라이밍
1635467271,부평클라이밍센터,인천광역시 부평구 산곡동 369-246
1636490180,어썸클라이밍짐,경상남도 양산시 물금읍 범어리 2782-4 에이원메트로 406호
1638232527,클라임잇 클라이밍 목감점,경기도 시흥시 목감동 414-2 1층
1640573288,MCC실내암벽클럽,서울특별시 서초구 방배동 
1644939735,지락펀락 클라이밍 센터,전북특별자치도 익산시 신동 817-39
1651294996,락트리클라이밍 강남,서울특별시 강남구 논현동 183 B2층
1654570842,볼더하이웨이클라이밍짐,서울특별시 강남구 역삼동 725-9 지하1층
1655662956,역삼 클라이밍 랩,서울특별시 강남구 역삼동 728-34
1658896230,PEAKERS 클라이밍 구로,서울특별시 구로구 구로동 573 NC신구로점 6층
1658999551,온사이트클라이밍,서울특별시 강남구 삼성동 157-36 싹타워 지하1층
1660638156,볼더가든클라이밍,"경기도 시흥시 은행동 605 센트럴돔 3층 3043호,3044호,3045호"
1661294833,춘향골체육공원남원스포츠클라이밍,전북특별자치도 남원시 월락동 248
1667067418,별클라이밍,"세종특별자치시 아름동 1315 101~104호, 별클라이밍"
1667264795,클라임원,경기도 이천시 증포동 22-1 소당빌딩 2층 201호 클라임원
1671853444,초크업 클라이밍 월성점,대구광역시 달서구 월성동 1217-1 3층
1676366416,M클라이밍 칠곡점,대구광역시 북구 국우동 722 1층
1687553774,더클라임 클라이밍 짐앤샵 연남점,서울특별시 마포구 동교동 167-2 3층
1688672982,오프더월클라이밍,서울특별시 용산구 이태원동 127-3 지하 2층
1688829223,몽키즈클라이밍 부천중동점,경기도 부천시 원미구 중동 1162-5 6층 604호
1693141492,에픽클라임,경기도 수원시 영통구 망포동 570-5 뉴엘지프라자 402호 에픽클라임
1696674002,몽키즈클라이밍 일산마두점,경기도 고양시 일산동구 마두동 731 7층 704호
1706693220,보람애스포츠클라이밍,서울특별시 관악구 신림동 463-70
1706719385,코알라클라이밍 킨텍스점,경기도 고양시 일산서구 대화동 2207 이마파킹프라자 B1층
1710127034,초크업 클라이밍 침산점,대구광역시 북구 침산동 430-7
1717159476,한'S클라이밍센터,전북특별자치도 전주시 덕진구 인후동1가 912-3
1728182845,제주클라이밍스쿨,제주특별자치도 제주시 삼도일동 572-20 2층
1732822705,레드포인트클라이밍,서울특별시 광진구 중곡동 157-17 리아리움더언타워 B1
1740783793,화명 자바클라이밍센터,부산광역시 북구 화명동 263-5 101호
1742141367,카르페클라임,전라남도 무안군 삼향읍 남악리 2167 금호프라자2층
1745374020,아임낫볼더,강원특별자치도 속초시 조양동 1545-1 다빈치뮤지엄 1층
1758009835,언더독클라임,경기도 수원시 팔달구 인계동 1039-1 4층
1760348510,안동스포츠클라이밍장,경상북도 안동시 옥야동 398-11
1760544722,에이스클라이밍센터,제주특별자치도 제주시 오라이동 1433 2층
1769149302,티 클라이밍,경기도 광주시 신현동 724-3 2층
1769746795,클라임바운스 창전점,"경기도 이천시 창전동 165-1 9층 901, 903호"
1774038321,G1클라이밍 송정,광주광역시 광산구 송정동 735 지하1층
1774691117,그래비티클라이밍 수원역점,경기도 수원시 팔달구 매산로2가 66-1 홍익스포츠프라자 2층
1775653895,클라임팜,전북특별자치도 익산시 영등동 833-10
1777062491,베이스캠프 볼더스팟 클라이밍 둔산점,대전광역시 서구 둔산동 1026 3층
1777297661,웨이브락 클라이밍 부산대점,부산광역시 금정구 장전동 643-117 테라스파크 2층 (201호)
1777388451,등반세계 최병호클라이밍센터,울산광역시 남구 달동 1310-15 3층
1790045837,더클라임 클라이밍 짐앤샵 양재점,서울특별시 강남구 도곡동 957-11 지하1층
1791389819,중부경남클라이밍,경상남도 창원시 마산회원구 양덕동 477 4층
1793592518,핸드워크 클라이밍 봉선점,광주광역시 남구 봉선동 517-8 4층
1795393882,클라임데이즈 클라이밍,경기도 안양시 만안구 안양동 1432 안양아이에스BIZ타워센트럴 A동 217호
1800614525,엑스클라이밍,경기도 화성시 송산면 육일리 306 1동
1808324919,알레클라이밍 혜화점,서울특별시 종로구 명륜2가 21-9 토가빌딩 B2층
1810505554,간석클라이밍,인천광역시 남동구 간석동 520 탑프라자 602호
1812549196,온클라이밍,광주광역시 광산구 장덕동 1658 6층 602호
1818940242,손상원 클라이밍짐 을지로점,서울특별시 중구 다동 85 지하1층 손상원 클라이밍짐 을지로점
1822493048,볼더박스 클라이밍,경기도 화성시 진안동 527-16 4층
1824755703,여주클라이밍센터,경기도 여주시 홍문동 274-6 여주종합터미널 2층
1824779869,클라이밍파크 강남점,서울특별시 강남구 역삼동 826-21 지하1층
1837836218,PEAKERS 클라이밍 신촌,서울특별시 서대문구 창천동 20-25 아트레온 11층
1843071931,클라임 어스 모란점,경기도 성남시 중원구 성남동 4123 6층 클라임어스
1845366086,오터클라이밍,부산광역시 사하구 하단동 510-9 초이스타워 2층
1854170723,은평인공암벽장,서울특별시 은평구 진관동 70-16
1866839780,베이스캠프 볼더스팟 클라이밍 유성점,대전광역시 유성구 봉명동 550-1 4층
1870537353,락트리클라이밍 분당,경기도 성남시 분당구 수내동 11-1 청구블루빌 지하1층
1874196666,클라임어클락,경기도 화성시 방교동 780-3 동탄프리미엄아울렛 B동 113호
1876468548,몽클라이밍센터,울산광역시 북구 호계동 985-5 1층
1883571499,클라임웍스 클라이밍 영등포,서울특별시 영등포구 영등포동7가 94-51 훼미리하우스117 지하 1층
1888079853,의성클라이밍장,경상북도 의성군 의성읍 중리리 935-4
1892701909,공주숲클라이밍짐,충청남도 공주시 신관동 670-6 노브랜드 3층
1893675034,대구 손세동 클라이밍 두류,대구광역시 달서구 두류동 150-3 2층
1896855131,키클 클라이밍 풍무점,경기도 김포시 풍무동 949 9층 901호
1906159954,실내암벽,부산광역시 사하구 당리동 317-64
1908218669,초크업 더 볼더 클라이밍,대구광역시 달서구 이곡동 1248 6층
1911851636,홀드온클라이밍,전북특별자치도 군산시 수송동 804-7
1918873218,몽키즈클라이밍 북가좌점,서울특별시 서대문구 북가좌동 306-17 5층
1921728483,클라임잇 클라이밍 구로점,서울특별시 구로구 구로동 612-10 지층
1921768128,영등포클라이밍경기장,서울특별시 영등포구 도림동 254
1927078720,타잔클라이밍 오토빌레이 미디어아트센터,경기도 이천시 마장면 오천리 448-1 더큐브어센딩센터 3층 309호
1927912118,리버스락,부산광역시 기장군 정관읍 매학리 715-6
1928378575,샤모니 클라이밍,경기도 의정부시 의정부동 600-2 벼룩시장건물 지하1층
1931507031,목동클라이밍센터,서울특별시 양천구 목동 507-13 지층 목동클라이밍센터
1932789703,볼더생활,서울특별시 동작구 사당동 120-1 7층
1933402697,아카데미클라이밍센터,울산광역시 중구 태화동 905-2
1943884203,포항클라이밍센타,경상북도 포항시 북구 죽도동 139-6
1946798151,클럽 스파이더 클라이밍 사상점,부산광역시 사상구 주례동 685-30 2층
1958793040,알레클라이밍 강동점,서울특별시 강동구 길동 414-9 지하 2층
1961051888,스파이더짐,전라남도 여수시 문수동 128 4층
1964313835,전주바위오름,전북특별자치도 전주시 완산구 중화산동2가 616-3
1972849236,팍스클라이밍,경기도 부천시 오정구 작동 63-7
1972953176,메트로락 클라이밍,인천광역시 중구 중산동 1884-2 마지그라운드 6층
1977183310,더클라임 클라이밍 짐앤샵 신림점,서울특별시 관악구 신림동 1638-1 삼모더프라임타워 5층
1989881616,산본클라이밍센터,경기도 군포시 산본동 1060 6층
1992915181,무브온,경기도 남양주시 진접읍 연평리 51-2 무브온클라이밍
1993520398,알레클라이밍 영등포점,서울특별시 영등포구 영등포동6가 148
